Combination,Mean Error,Mean Squared Error
SJR H index Total Docs(2017) Total Docs(3yrs) Total Refs. Total cites(3yrs) Citable Docs(3 yrs) Cites(2 yrs) Ref ,0.4297526341263113,1.0353073746076586
SJR H index Total Docs(2017) Total Docs(3yrs) Total Refs. Total cites(3yrs) Citable Docs(3 yrs) Cites(2 yrs) ,0.43306191549822187,1.0446289100081485
SJR H index Total Docs(2017) Total Docs(3yrs) Total Refs. Total cites(3yrs) Citable Docs(3 yrs) Ref ,0.7748346967433536,1.8411887485209129
SJR H index Total Docs(2017) Total Docs(3yrs) Total Refs. Total cites(3yrs) Citable Docs(3 yrs) ,0.7804456634544426,1.8494675870162633
SJR H index Total Docs(2017) Total Docs(3yrs) Total Refs. Total cites(3yrs) Cites(2 yrs) Ref ,0.43368720437006486,1.0552045683633038
SJR H index Total Docs(2017) Total Docs(3yrs) Total Refs. Total cites(3yrs) Cites(2 yrs) ,0.4387547576925275,1.0725250197055118
SJR H index Total Docs(2017) Total Docs(3yrs) Total Refs. Total cites(3yrs) Ref ,0.7847090141182927,1.876542693670919
SJR H index Total Docs(2017) Total Docs(3yrs) Total Refs. Total cites(3yrs) ,0.7900040782691244,1.8917543569546948
SJR H index Total Docs(2017) Total Docs(3yrs) Total Refs. Citable Docs(3 yrs) Cites(2 yrs) Ref ,0.4288107087192039,1.0447069291566713
SJR H index Total Docs(2017) Total Docs(3yrs) Total Refs. Citable Docs(3 yrs) Cites(2 yrs) ,0.43315645184133095,1.0607683659038896
SJR H index Total Docs(2017) Total Docs(3yrs) Total Refs. Citable Docs(3 yrs) Ref ,0.8146479524155755,1.7232936531585459
SJR H index Total Docs(2017) Total Docs(3yrs) Total Refs. Citable Docs(3 yrs) ,0.8218187241411296,1.7408789967995795
SJR H index Total Docs(2017) Total Docs(3yrs) Total Refs. Cites(2 yrs) Ref ,0.43308781337739266,1.0584111775096325
SJR H index Total Docs(2017) Total Docs(3yrs) Total Refs. Cites(2 yrs) ,0.4382400330552756,1.080238578337911
SJR H index Total Docs(2017) Total Docs(3yrs) Total Refs. Ref ,0.822860262867528,1.7744191844442012
SJR H index Total Docs(2017) Total Docs(3yrs) Total Refs. ,0.8287717454915399,1.7888943023393857
SJR H index Total Docs(2017) Total Docs(3yrs) Total cites(3yrs) Citable Docs(3 yrs) Cites(2 yrs) Ref ,0.4296657037372466,1.0353560856642545
SJR H index Total Docs(2017) Total Docs(3yrs) Total cites(3yrs) Citable Docs(3 yrs) Cites(2 yrs) ,0.43382862525208643,1.0466318254071427
SJR H index Total Docs(2017) Total Docs(3yrs) Total cites(3yrs) Citable Docs(3 yrs) Ref ,0.7725010040922765,1.7979967319854482
SJR H index Total Docs(2017) Total Docs(3yrs) Total cites(3yrs) Citable Docs(3 yrs) ,0.779257874524944,1.8302891595154933
SJR H index Total Docs(2017) Total Docs(3yrs) Total cites(3yrs) Cites(2 yrs) Ref ,0.43354092319122933,1.0554791812879514
SJR H index Total Docs(2017) Total Docs(3yrs) Total cites(3yrs) Cites(2 yrs) ,0.4401091650435767,1.0786863127075974
SJR H index Total Docs(2017) Total Docs(3yrs) Total cites(3yrs) Ref ,0.7839843749592772,1.82256308290179
SJR H index Total Docs(2017) Total Docs(3yrs) Total cites(3yrs) ,0.7892815756040052,1.840098770080933
SJR H index Total Docs(2017) Total Docs(3yrs) Citable Docs(3 yrs) Cites(2 yrs) Ref ,0.42880758936613855,1.0446909002336053
SJR H index Total Docs(2017) Total Docs(3yrs) Citable Docs(3 yrs) Cites(2 yrs) ,0.43382981053628045,1.0609536723205821
SJR H index Total Docs(2017) Total Docs(3yrs) Citable Docs(3 yrs) Ref ,0.814786914227463,1.7243228610077344
SJR H index Total Docs(2017) Total Docs(3yrs) Citable Docs(3 yrs) ,0.8236278664458487,1.7605085925074042
SJR H index Total Docs(2017) Total Docs(3yrs) Cites(2 yrs) Ref ,0.4330597897886429,1.0583158992413801
SJR H index Total Docs(2017) Total Docs(3yrs) Cites(2 yrs) ,0.4397282679339542,1.0834837740953902
SJR H index Total Docs(2017) Total Docs(3yrs) Ref ,0.8230999470288212,1.7646095188485824
SJR H index Total Docs(2017) Total Docs(3yrs) ,0.8286064458273649,1.7849751839103094
SJR H index Total Docs(2017) Total Refs. Total cites(3yrs) Citable Docs(3 yrs) Cites(2 yrs) Ref ,0.43432771702039413,1.0533030914999693
SJR H index Total Docs(2017) Total Refs. Total cites(3yrs) Citable Docs(3 yrs) Cites(2 yrs) ,0.4394756558805869,1.0693679431989065
SJR H index Total Docs(2017) Total Refs. Total cites(3yrs) Citable Docs(3 yrs) Ref ,0.7818172436717703,1.8734462467798854
SJR H index Total Docs(2017) Total Refs. Total cites(3yrs) Citable Docs(3 yrs) ,0.7871947958497155,1.88699065785395
SJR H index Total Docs(2017) Total Refs. Total cites(3yrs) Cites(2 yrs) Ref ,0.434758895651676,1.0506915753669406
SJR H index Total Docs(2017) Total Refs. Total cites(3yrs) Cites(2 yrs) ,0.43955534520740563,1.068815540880831
SJR H index Total Docs(2017) Total Refs. Total cites(3yrs) Ref ,0.788639203048287,1.8320599968107167
SJR H index Total Docs(2017) Total Refs. Total cites(3yrs) ,0.794222859574106,1.8560365472165654
SJR H index Total Docs(2017) Total Refs. Citable Docs(3 yrs) Cites(2 yrs) Ref ,0.4335609187786168,1.05835309410157
SJR H index Total Docs(2017) Total Refs. Citable Docs(3 yrs) Cites(2 yrs) ,0.43906529747180545,1.0802402475163124
SJR H index Total Docs(2017) Total Refs. Citable Docs(3 yrs) Ref ,0.822598807696654,1.7687858816562791
SJR H index Total Docs(2017) Total Refs. Citable Docs(3 yrs) ,0.8287460147289769,1.782474055634177
SJR H index Total Docs(2017) Total Refs. Cites(2 yrs) Ref ,0.43399290708831084,1.0538247537349066
SJR H index Total Docs(2017) Total Refs. Cites(2 yrs) ,0.4407119020524442,1.0747909142353558
SJR H index Total Docs(2017) Total Refs. Ref ,0.8146779855229643,1.7777711631005821
SJR H index Total Docs(2017) Total Refs. ,0.8193306304873241,1.7983107593088783
SJR H index Total Docs(2017) Total cites(3yrs) Citable Docs(3 yrs) Cites(2 yrs) Ref ,0.43420395285772084,1.0535088633215055
SJR H index Total Docs(2017) Total cites(3yrs) Citable Docs(3 yrs) Cites(2 yrs) ,0.44081032961023014,1.0745508186895982
SJR H index Total Docs(2017) Total cites(3yrs) Citable Docs(3 yrs) Ref ,0.7811149288828444,1.823244213243022
SJR H index Total Docs(2017) Total cites(3yrs) Citable Docs(3 yrs) ,0.7865367664065052,1.843948269939087
SJR H index Total Docs(2017) Total cites(3yrs) Cites(2 yrs) Ref ,0.4346188219829871,1.051019792238879
SJR H index Total Docs(2017) Total cites(3yrs) Cites(2 yrs) ,0.4406120856879478,1.076100936009053
SJR H index Total Docs(2017) Total cites(3yrs) Ref ,0.7867874137624236,1.7603655416568633
SJR H index Total Docs(2017) Total cites(3yrs) ,0.7916155843947181,1.781253883149422
SJR H index Total Docs(2017) Citable Docs(3 yrs) Cites(2 yrs) Ref ,0.4335265405722268,1.0582415272930523
SJR H index Total Docs(2017) Citable Docs(3 yrs) Cites(2 yrs) ,0.44042106238965656,1.0826846757598678
SJR H index Total Docs(2017) Citable Docs(3 yrs) Ref ,0.8226127566962163,1.7629424809047003
SJR H index Total Docs(2017) Citable Docs(3 yrs) ,0.8288455948896201,1.784647469315781
SJR H index Total Docs(2017) Cites(2 yrs) Ref ,0.43403684441585483,1.0537593794457527
SJR H index Total Docs(2017) Cites(2 yrs) ,0.44122920531144155,1.0794405087230319
SJR H index Total Docs(2017) Ref ,0.8118516544276191,1.7502863851419552
SJR H index Total Docs(2017) ,0.8172366404969238,1.7716882894417545
SJR H index Total Docs(3yrs) Total Refs. Total cites(3yrs) Citable Docs(3 yrs) Cites(2 yrs) Ref ,0.42933868160770383,1.0379605626936266
SJR H index Total Docs(3yrs) Total Refs. Total cites(3yrs) Citable Docs(3 yrs) Cites(2 yrs) ,0.43300554281832454,1.0541186053384544
SJR H index Total Docs(3yrs) Total Refs. Total cites(3yrs) Citable Docs(3 yrs) Ref ,0.7697843566073678,1.801659212563093
SJR H index Total Docs(3yrs) Total Refs. Total cites(3yrs) Citable Docs(3 yrs) ,0.7764388287287642,1.8131513093656255
SJR H index Total Docs(3yrs) Total Refs. Total cites(3yrs) Cites(2 yrs) Ref ,0.43340949916495974,1.0577999458941343
SJR H index Total Docs(3yrs) Total Refs. Total cites(3yrs) Cites(2 yrs) ,0.4388617673827881,1.084438411015922
SJR H index Total Docs(3yrs) Total Refs. Total cites(3yrs) Ref ,0.7827347878473302,1.8349039177226447
SJR H index Total Docs(3yrs) Total Refs. Total cites(3yrs) ,0.786472217559176,1.8416953376857617
SJR H index Total Docs(3yrs) Total Refs. Citable Docs(3 yrs) Cites(2 yrs) Ref ,0.4285290048831279,1.0463102831148896
SJR H index Total Docs(3yrs) Total Refs. Citable Docs(3 yrs) Cites(2 yrs) ,0.43309530825218306,1.068872633822045
SJR H index Total Docs(3yrs) Total Refs. Citable Docs(3 yrs) Ref ,0.8096278445526283,1.695060029260215
SJR H index Total Docs(3yrs) Total Refs. Citable Docs(3 yrs) ,0.8161886486109053,1.708151619078215
SJR H index Total Docs(3yrs) Total Refs. Cites(2 yrs) Ref ,0.4329975406503344,1.0602739333250115
SJR H index Total Docs(3yrs) Total Refs. Cites(2 yrs) ,0.4384468239610695,1.0905600506575523
SJR H index Total Docs(3yrs) Total Refs. Ref ,0.8247365294572493,1.7443929506240143
SJR H index Total Docs(3yrs) Total Refs. ,0.8252024751590196,1.7459684855122906
SJR H index Total Docs(3yrs) Total cites(3yrs) Citable Docs(3 yrs) Cites(2 yrs) Ref ,0.42936202733748013,1.03931717037827
SJR H index Total Docs(3yrs) Total cites(3yrs) Citable Docs(3 yrs) Cites(2 yrs) ,0.4333924355691008,1.0524040774521781
SJR H index Total Docs(3yrs) Total cites(3yrs) Citable Docs(3 yrs) Ref ,0.7703900657880105,1.8287696061898222
SJR H index Total Docs(3yrs) Total cites(3yrs) Citable Docs(3 yrs) ,0.7781589939465378,1.8581155308562614
SJR H index Total Docs(3yrs) Total cites(3yrs) Cites(2 yrs) Ref ,0.4334169965097952,1.05845161368463
SJR H index Total Docs(3yrs) Total cites(3yrs) Cites(2 yrs) ,0.4396709676277997,1.0833512008837405
SJR H index Total Docs(3yrs) Total cites(3yrs) Ref ,0.7811915582902204,1.8492703250382065
SJR H index Total Docs(3yrs) Total cites(3yrs) ,0.7862331500034508,1.864004398126163
SJR H index Total Docs(3yrs) Citable Docs(3 yrs) Cites(2 yrs) Ref ,0.42847440440397844,1.0488230017260838
SJR H index Total Docs(3yrs) Citable Docs(3 yrs) Cites(2 yrs) ,0.4333812802131807,1.0671473031747356
SJR H index Total Docs(3yrs) Citable Docs(3 yrs) Ref ,0.8118956275979986,1.7378088012763435
SJR H index Total Docs(3yrs) Citable Docs(3 yrs) ,0.8193705198502208,1.7706600510937338
SJR H index Total Docs(3yrs) Cites(2 yrs) Ref ,0.4329832115381587,1.0615167869460276
SJR H index Total Docs(3yrs) Cites(2 yrs) ,0.43926800003725835,1.0885360663672083
SJR H index Total Docs(3yrs) Ref ,0.8213615233460557,1.7767293664695092
SJR H index Total Docs(3yrs) ,0.8251016239979122,1.7936935532165734
SJR H index Total Refs. Total cites(3yrs) Citable Docs(3 yrs) Cites(2 yrs) Ref ,0.4340710003769991,1.0567706688182448
SJR H index Total Refs. Total cites(3yrs) Citable Docs(3 yrs) Cites(2 yrs) ,0.4399647088955966,1.0834447913857805
SJR H index Total Refs. Total cites(3yrs) Citable Docs(3 yrs) Ref ,0.7805631181057876,1.830608621391689
SJR H index Total Refs. Total cites(3yrs) Citable Docs(3 yrs) ,0.7840768110904807,1.8366590184727376
SJR H index Total Refs. Total cites(3yrs) Cites(2 yrs) Ref ,0.4349857222258951,1.0515348105150248
SJR H index Total Refs. Total cites(3yrs) Cites(2 yrs) ,0.441585297258534,1.0755163482265317
SJR H index Total Refs. Total cites(3yrs) Ref ,0.7865157744661724,1.818519350663374
SJR H index Total Refs. Total cites(3yrs) ,0.7928266183572393,1.8467035312280136
SJR H index Total Refs. Citable Docs(3 yrs) Cites(2 yrs) Ref ,0.433580726515227,1.0607429720223265
SJR H index Total Refs. Citable Docs(3 yrs) Cites(2 yrs) ,0.43960516541241584,1.0922975033080933
SJR H index Total Refs. Citable Docs(3 yrs) Ref ,0.825706448954492,1.7385706326354253
SJR H index Total Refs. Citable Docs(3 yrs) ,0.8255533936870956,1.738049474057698
SJR H index Total Refs. Cites(2 yrs) Ref ,0.43428039530109247,1.0555297828042072
SJR H index Total Refs. Cites(2 yrs) ,0.4439598997286182,1.0861325270484514
SJR H index Total Refs. Ref ,0.8158959871972538,1.7536157019471423
SJR H index Total Refs. ,0.8187111724138201,1.7668570376657
SJR H index Total cites(3yrs) Citable Docs(3 yrs) Cites(2 yrs) Ref ,0.434171662805114,1.058059217755152
SJR H index Total cites(3yrs) Citable Docs(3 yrs) Cites(2 yrs) ,0.440502839385252,1.0817896854039604
SJR H index Total cites(3yrs) Citable Docs(3 yrs) Ref ,0.7782606328298132,1.8589980126639474
SJR H index Total cites(3yrs) Citable Docs(3 yrs) ,0.7838412703507123,1.8754477031178305
SJR H index Total cites(3yrs) Cites(2 yrs) Ref ,0.43605573205982523,1.0506396317056739
SJR H index Total cites(3yrs) Cites(2 yrs) ,0.441527167009361,1.076272801757611
SJR H index Total cites(3yrs) Ref ,0.7893516701107779,1.7380715378301659
SJR H index Total cites(3yrs) ,0.7948448883101774,1.761263661452413
SJR H index Citable Docs(3 yrs) Cites(2 yrs) Ref ,0.43369239002833915,1.0628688444637089
SJR H index Citable Docs(3 yrs) Cites(2 yrs) ,0.440122100773447,1.0901546041503356
SJR H index Citable Docs(3 yrs) Ref ,0.8229633318180493,1.780660201633548
SJR H index Citable Docs(3 yrs) ,0.8265908556174109,1.7970707618697737
SJR H index Cites(2 yrs) Ref ,0.43686208566345697,1.059036079279231
SJR H index Cites(2 yrs) ,0.4464217465881232,1.0881853207770469
SJR H index Ref ,0.8188933985922939,1.7709799869481557
SJR H index ,0.8225718536056157,1.7883407407152805
SJR Total Docs(2017) Total Docs(3yrs) Total Refs. Total cites(3yrs) Citable Docs(3 yrs) Cites(2 yrs) Ref ,0.43195142560141947,1.0317262906825284
SJR Total Docs(2017) Total Docs(3yrs) Total Refs. Total cites(3yrs) Citable Docs(3 yrs) Cites(2 yrs) ,0.43872186726777346,1.0424511907741363
SJR Total Docs(2017) Total Docs(3yrs) Total Refs. Total cites(3yrs) Citable Docs(3 yrs) Ref ,0.7881323025781509,1.7986269252288123
SJR Total Docs(2017) Total Docs(3yrs) Total Refs. Total cites(3yrs) Citable Docs(3 yrs) ,0.7974162328705875,1.8086585877334416
SJR Total Docs(2017) Total Docs(3yrs) Total Refs. Total cites(3yrs) Cites(2 yrs) Ref ,0.43568978796869967,1.050581776989721
SJR Total Docs(2017) Total Docs(3yrs) Total Refs. Total cites(3yrs) Cites(2 yrs) ,0.4441897367079052,1.0690431649464933
SJR Total Docs(2017) Total Docs(3yrs) Total Refs. Total cites(3yrs) Ref ,0.7993459709631983,1.8287261599856397
SJR Total Docs(2017) Total Docs(3yrs) Total Refs. Total cites(3yrs) ,0.8044075734731699,1.8519534237490227
SJR Total Docs(2017) Total Docs(3yrs) Total Refs. Citable Docs(3 yrs) Cites(2 yrs) Ref ,0.4313208330402265,1.0364622843725444
SJR Total Docs(2017) Total Docs(3yrs) Total Refs. Citable Docs(3 yrs) Cites(2 yrs) ,0.43777136054236304,1.0531109116929176
SJR Total Docs(2017) Total Docs(3yrs) Total Refs. Citable Docs(3 yrs) Ref ,0.8584689446387698,1.6470968358511637
SJR Total Docs(2017) Total Docs(3yrs) Total Refs. Citable Docs(3 yrs) ,0.8671457610896632,1.6972251543042065
SJR Total Docs(2017) Total Docs(3yrs) Total Refs. Cites(2 yrs) Ref ,0.4358354552005494,1.0498457922658626
SJR Total Docs(2017) Total Docs(3yrs) Total Refs. Cites(2 yrs) ,0.44367274147574404,1.072110900002066
SJR Total Docs(2017) Total Docs(3yrs) Total Refs. Ref ,0.854873063002741,1.7063524226687277
SJR Total Docs(2017) Total Docs(3yrs) Total Refs. ,0.8624996099404716,1.7525835657849889
SJR Total Docs(2017) Total Docs(3yrs) Total cites(3yrs) Citable Docs(3 yrs) Cites(2 yrs) Ref ,0.4320798204110255,1.0316326082972525
SJR Total Docs(2017) Total Docs(3yrs) Total cites(3yrs) Citable Docs(3 yrs) Cites(2 yrs) ,0.4387466022751178,1.0443439047163345
SJR Total Docs(2017) Total Docs(3yrs) Total cites(3yrs) Citable Docs(3 yrs) Ref ,0.7863362834902651,1.7230795831183325
SJR Total Docs(2017) Total Docs(3yrs) Total cites(3yrs) Citable Docs(3 yrs) ,0.7955128986627144,1.7619471561335531
SJR Total Docs(2017) Total Docs(3yrs) Total cites(3yrs) Cites(2 yrs) Ref ,0.4357367101547387,1.0504557115800328
SJR Total Docs(2017) Total Docs(3yrs) Total cites(3yrs) Cites(2 yrs) ,0.4448908705683315,1.0748036566841717
SJR Total Docs(2017) Total Docs(3yrs) Total cites(3yrs) Ref ,0.7970463755026446,1.734385525675177
SJR Total Docs(2017) Total Docs(3yrs) Total cites(3yrs) ,0.8011238414307607,1.7591866009196422
SJR Total Docs(2017) Total Docs(3yrs) Citable Docs(3 yrs) Cites(2 yrs) Ref ,0.43143387206559497,1.0366086584071228
SJR Total Docs(2017) Total Docs(3yrs) Citable Docs(3 yrs) Cites(2 yrs) ,0.43785056153326574,1.0543014575325202
SJR Total Docs(2017) Total Docs(3yrs) Citable Docs(3 yrs) Ref ,0.8569866556232161,1.6190217534846603
SJR Total Docs(2017) Total Docs(3yrs) Citable Docs(3 yrs) ,0.8660949058033203,1.6848057612794527
SJR Total Docs(2017) Total Docs(3yrs) Cites(2 yrs) Ref ,0.43585718336290413,1.049832965301869
SJR Total Docs(2017) Total Docs(3yrs) Cites(2 yrs) ,0.444686101611652,1.0761055697865087
SJR Total Docs(2017) Total Docs(3yrs) Ref ,0.8508414986078755,1.6676223980461087
SJR Total Docs(2017) Total Docs(3yrs) ,0.8564323073455491,1.7104973517656745
SJR Total Docs(2017) Total Refs. Total cites(3yrs) Citable Docs(3 yrs) Cites(2 yrs) Ref ,0.4360667694785529,1.0486802073792167
SJR Total Docs(2017) Total Refs. Total cites(3yrs) Citable Docs(3 yrs) Cites(2 yrs) ,0.44457693194424697,1.0658787592746202
SJR Total Docs(2017) Total Refs. Total cites(3yrs) Citable Docs(3 yrs) Ref ,0.7956954237034172,1.8253540708896503
SJR Total Docs(2017) Total Refs. Total cites(3yrs) Citable Docs(3 yrs) ,0.8010278628029857,1.8457598110864362
SJR Total Docs(2017) Total Refs. Total cites(3yrs) Cites(2 yrs) Ref ,0.43619745786450753,1.047796484745242
SJR Total Docs(2017) Total Refs. Total cites(3yrs) Cites(2 yrs) ,0.4444328880461069,1.0673102832123915
SJR Total Docs(2017) Total Refs. Total cites(3yrs) Ref ,0.8000678571137246,1.7953635298164452
SJR Total Docs(2017) Total Refs. Total cites(3yrs) ,0.8098351135894011,1.8291794966238832
SJR Total Docs(2017) Total Refs. Citable Docs(3 yrs) Cites(2 yrs) Ref ,0.43593045446491263,1.0496299494040002
SJR Total Docs(2017) Total Refs. Citable Docs(3 yrs) Cites(2 yrs) ,0.44373608557169403,1.071917668404055
SJR Total Docs(2017) Total Refs. Citable Docs(3 yrs) Ref ,0.8567480290223665,1.705912484094931
SJR Total Docs(2017) Total Refs. Citable Docs(3 yrs) ,0.8645905476819516,1.7515114060028025
SJR Total Docs(2017) Total Refs. Cites(2 yrs) Ref ,0.4358738768219987,1.0488720007328893
SJR Total Docs(2017) Total Refs. Cites(2 yrs) ,0.4437106371111544,1.0705505821444607
SJR Total Docs(2017) Total Refs. Ref ,0.8556354699086257,1.7063765436265255
SJR Total Docs(2017) Total Refs. ,0.8629068175181545,1.7525013631434787
SJR Total Docs(2017) Total cites(3yrs) Citable Docs(3 yrs) Cites(2 yrs) Ref ,0.4361354497009044,1.048556159152744
SJR Total Docs(2017) Total cites(3yrs) Citable Docs(3 yrs) Cites(2 yrs) ,0.4451627635079623,1.0708499845745243
SJR Total Docs(2017) Total cites(3yrs) Citable Docs(3 yrs) Ref ,0.7931801157025269,1.7358548959610347
SJR Total Docs(2017) Total cites(3yrs) Citable Docs(3 yrs) ,0.7978814301142523,1.7638531368447472
SJR Total Docs(2017) Total cites(3yrs) Cites(2 yrs) Ref ,0.4362882558251421,1.0476293505619911
SJR Total Docs(2017) Total cites(3yrs) Cites(2 yrs) ,0.44501061803755215,1.073719179077198
SJR Total Docs(2017) Total cites(3yrs) Ref ,0.7929946030647392,1.6854403034746868
SJR Total Docs(2017) Total cites(3yrs) ,0.8008438111253118,1.7141793621572963
SJR Total Docs(2017) Citable Docs(3 yrs) Cites(2 yrs) Ref ,0.4359720550391995,1.049630498416236
SJR Total Docs(2017) Citable Docs(3 yrs) Cites(2 yrs) ,0.4446654020028531,1.0754065031057836
SJR Total Docs(2017) Citable Docs(3 yrs) Ref ,0.85296035545718,1.670134158759715
SJR Total Docs(2017) Citable Docs(3 yrs) ,0.8593430418177156,1.713893519636316
SJR Total Docs(2017) Cites(2 yrs) Ref ,0.43595006014625093,1.048751450387446
SJR Total Docs(2017) Cites(2 yrs) ,0.4446372085645881,1.0751723023675017
SJR Total Docs(2017) Ref ,0.8500508608097441,1.6665113659791495
SJR Total Docs(2017) ,0.8554579243788728,1.709348875297268
SJR Total Docs(3yrs) Total Refs. Total cites(3yrs) Citable Docs(3 yrs) Cites(2 yrs) Ref ,0.43151599941903807,1.0340977421530722
SJR Total Docs(3yrs) Total Refs. Total cites(3yrs) Citable Docs(3 yrs) Cites(2 yrs) ,0.43935438791069353,1.0516127695172044
SJR Total Docs(3yrs) Total Refs. Total cites(3yrs) Citable Docs(3 yrs) Ref ,0.7835014664659118,1.7555096552262002
SJR Total Docs(3yrs) Total Refs. Total cites(3yrs) Citable Docs(3 yrs) ,0.7926038140709362,1.7706470922944058
SJR Total Docs(3yrs) Total Refs. Total cites(3yrs) Cites(2 yrs) Ref ,0.4354784369203136,1.0529200962652139
SJR Total Docs(3yrs) Total Refs. Total cites(3yrs) Cites(2 yrs) ,0.44566406950627163,1.0805477648758899
SJR Total Docs(3yrs) Total Refs. Total cites(3yrs) Ref ,0.7951502471009904,1.7835364537084317
SJR Total Docs(3yrs) Total Refs. Total cites(3yrs) ,0.7995148593543374,1.7988979368158866
SJR Total Docs(3yrs) Total Refs. Citable Docs(3 yrs) Cites(2 yrs) Ref ,0.4310685584370729,1.0379324538580799
SJR Total Docs(3yrs) Total Refs. Citable Docs(3 yrs) Cites(2 yrs) ,0.4386874676339031,1.060800666807143
SJR Total Docs(3yrs) Total Refs. Citable Docs(3 yrs) Ref ,0.8557016680244075,1.619739032482334
SJR Total Docs(3yrs) Total Refs. Citable Docs(3 yrs) ,0.8627297916146344,1.661911956010907
SJR Total Docs(3yrs) Total Refs. Cites(2 yrs) Ref ,0.435752480595563,1.0515690251540177
SJR Total Docs(3yrs) Total Refs. Cites(2 yrs) ,0.4454211322737046,1.0819432264997408
SJR Total Docs(3yrs) Total Refs. Ref ,0.8502691229325232,1.6780348583450884
SJR Total Docs(3yrs) Total Refs. ,0.8530143412141368,1.7063224028430666
SJR Total Docs(3yrs) Total cites(3yrs) Citable Docs(3 yrs) Cites(2 yrs) Ref ,0.4320504124964841,1.0365533542998302
SJR Total Docs(3yrs) Total cites(3yrs) Citable Docs(3 yrs) Cites(2 yrs) ,0.4393207228403494,1.051327905564971
SJR Total Docs(3yrs) Total cites(3yrs) Citable Docs(3 yrs) Ref ,0.783490491057097,1.7613793721883932
SJR Total Docs(3yrs) Total cites(3yrs) Citable Docs(3 yrs) ,0.7928815969644131,1.7956494373804046
SJR Total Docs(3yrs) Total cites(3yrs) Cites(2 yrs) Ref ,0.4358387181210201,1.0540928127119347
SJR Total Docs(3yrs) Total cites(3yrs) Cites(2 yrs) ,0.4455752566022315,1.0803023343737086
SJR Total Docs(3yrs) Total cites(3yrs) Ref ,0.7953362255319659,1.766553531939915
SJR Total Docs(3yrs) Total cites(3yrs) ,0.7994097290565645,1.7878361445513407
SJR Total Docs(3yrs) Citable Docs(3 yrs) Cites(2 yrs) Ref ,0.43142324277746885,1.0409547873621836
SJR Total Docs(3yrs) Citable Docs(3 yrs) Cites(2 yrs) ,0.438648443986708,1.0605857649720205
SJR Total Docs(3yrs) Citable Docs(3 yrs) Ref ,0.8562693621519953,1.6379678495118575
SJR Total Docs(3yrs) Citable Docs(3 yrs) ,0.8648714004748729,1.6983349567829755
SJR Total Docs(3yrs) Cites(2 yrs) Ref ,0.4359920244544728,1.0533252913740554
SJR Total Docs(3yrs) Cites(2 yrs) ,0.44541612555626625,1.0813968836509578
SJR Total Docs(3yrs) Ref ,0.8507511875191411,1.6840934438435813
SJR Total Docs(3yrs) ,0.8546634516664805,1.7223464470982968
SJR Total Refs. Total cites(3yrs) Citable Docs(3 yrs) Cites(2 yrs) Ref ,0.4359388338455774,1.0518321596776212
SJR Total Refs. Total cites(3yrs) Citable Docs(3 yrs) Cites(2 yrs) ,0.44634390578722116,1.079457442632906
SJR Total Refs. Total cites(3yrs) Citable Docs(3 yrs) Ref ,0.792268051874009,1.7785149093957247
SJR Total Refs. Total cites(3yrs) Citable Docs(3 yrs) ,0.7964939714166502,1.7919716632733038
SJR Total Refs. Total cites(3yrs) Cites(2 yrs) Ref ,0.43628178360096465,1.048585374047679
SJR Total Refs. Total cites(3yrs) Cites(2 yrs) ,0.4470239140824512,1.0738625466323648
SJR Total Refs. Total cites(3yrs) Ref ,0.796135336922331,1.777615255894513
SJR Total Refs. Total cites(3yrs) ,0.8074281141741755,1.81668461642609
SJR Total Refs. Citable Docs(3 yrs) Cites(2 yrs) Ref ,0.43593666642896434,1.0518467948271928
SJR Total Refs. Citable Docs(3 yrs) Cites(2 yrs) ,0.4458988610568535,1.0833923237661063
SJR Total Refs. Citable Docs(3 yrs) Ref ,0.852602045619472,1.6783074628230115
SJR Total Refs. Citable Docs(3 yrs) ,0.8554783219080524,1.7023901792029072
SJR Total Refs. Cites(2 yrs) Ref ,0.43577947263671607,1.0507653715213416
SJR Total Refs. Cites(2 yrs) ,0.4461194608210799,1.0827538657665812
SJR Total Refs. Ref ,0.8580220367866953,1.6758185632892348
SJR Total Refs. ,0.8603265996175151,1.6940210534180793
SJR Total cites(3yrs) Citable Docs(3 yrs) Cites(2 yrs) Ref ,0.4365096744698418,1.0538716505151162
SJR Total cites(3yrs) Citable Docs(3 yrs) Cites(2 yrs) ,0.44623822032633703,1.078997686319625
SJR Total cites(3yrs) Citable Docs(3 yrs) Ref ,0.7922678247363889,1.7797927391565773
SJR Total cites(3yrs) Citable Docs(3 yrs) ,0.7966702207815918,1.8024412342040623
SJR Total cites(3yrs) Cites(2 yrs) Ref ,0.4381333074602305,1.046810601427782
SJR Total cites(3yrs) Cites(2 yrs) ,0.4470643279375577,1.0737348983469819
SJR Total cites(3yrs) Ref ,0.7977786141651846,1.6414734357165468
SJR Total cites(3yrs) ,0.8060418327928032,1.6752103477602602
SJR Citable Docs(3 yrs) Cites(2 yrs) Ref ,0.43642647040676824,1.0544454581236085
SJR Citable Docs(3 yrs) Cites(2 yrs) ,0.44583184460301273,1.082856206406666
SJR Citable Docs(3 yrs) Ref ,0.8540497012864445,1.693278041054765
SJR Citable Docs(3 yrs) ,0.8584878275433964,1.7300017476828955
SJR Cites(2 yrs) Ref ,0.43741021333493746,1.0567923796233707
SJR Cites(2 yrs) ,0.447149861564965,1.086679832579377
SJR Ref ,0.8873303593863336,1.7611314433230931
SJR ,0.8913562102170942,1.7947232757240887
H index Total Docs(2017) Total Docs(3yrs) Total Refs. Total cites(3yrs) Citable Docs(3 yrs) Cites(2 yrs) Ref ,0.5089323956910955,1.5221424666072803
H index Total Docs(2017) Total Docs(3yrs) Total Refs. Total cites(3yrs) Citable Docs(3 yrs) Cites(2 yrs) ,0.5135689194378266,1.5239300331355274
H index Total Docs(2017) Total Docs(3yrs) Total Refs. Total cites(3yrs) Citable Docs(3 yrs) Ref ,0.9655082063809661,4.505987779799332
H index Total Docs(2017) Total Docs(3yrs) Total Refs. Total cites(3yrs) Citable Docs(3 yrs) ,0.9937099440728695,4.603567838269927
H index Total Docs(2017) Total Docs(3yrs) Total Refs. Total cites(3yrs) Cites(2 yrs) Ref ,0.5109907614595002,1.529012236081424
H index Total Docs(2017) Total Docs(3yrs) Total Refs. Total cites(3yrs) Cites(2 yrs) ,0.517200585164981,1.5328393080837615
H index Total Docs(2017) Total Docs(3yrs) Total Refs. Total cites(3yrs) Ref ,0.9895292953875364,4.5405395195944
H index Total Docs(2017) Total Docs(3yrs) Total Refs. Total cites(3yrs) ,1.015670891412986,4.6361525179453675
H index Total Docs(2017) Total Docs(3yrs) Total Refs. Citable Docs(3 yrs) Cites(2 yrs) Ref ,0.5128309028923901,1.5345406257006229
H index Total Docs(2017) Total Docs(3yrs) Total Refs. Citable Docs(3 yrs) Cites(2 yrs) ,0.5197687353994218,1.5427065336572254
H index Total Docs(2017) Total Docs(3yrs) Total Refs. Citable Docs(3 yrs) Ref ,1.0649392068601014,5.078098366923109
H index Total Docs(2017) Total Docs(3yrs) Total Refs. Citable Docs(3 yrs) ,1.0893754322557345,5.160115255399119
H index Total Docs(2017) Total Docs(3yrs) Total Refs. Cites(2 yrs) Ref ,0.5134669554559035,1.5365450174198532
H index Total Docs(2017) Total Docs(3yrs) Total Refs. Cites(2 yrs) ,0.5212711681852734,1.545374424981956
H index Total Docs(2017) Total Docs(3yrs) Total Refs. Ref ,1.0781948954378424,5.041379320062768
H index Total Docs(2017) Total Docs(3yrs) Total Refs. ,1.1036040638517566,5.127517180379247
H index Total Docs(2017) Total Docs(3yrs) Total cites(3yrs) Citable Docs(3 yrs) Cites(2 yrs) Ref ,0.5089537580558178,1.522155154256027
H index Total Docs(2017) Total Docs(3yrs) Total cites(3yrs) Citable Docs(3 yrs) Cites(2 yrs) ,0.5166190733859928,1.5246574239600827
H index Total Docs(2017) Total Docs(3yrs) Total cites(3yrs) Citable Docs(3 yrs) Ref ,0.9656203240766862,4.475497246696638
H index Total Docs(2017) Total Docs(3yrs) Total cites(3yrs) Citable Docs(3 yrs) ,0.9946880788344782,4.614461513450428
H index Total Docs(2017) Total Docs(3yrs) Total cites(3yrs) Cites(2 yrs) Ref ,0.5110937463064892,1.5290930938393883
H index Total Docs(2017) Total Docs(3yrs) Total cites(3yrs) Cites(2 yrs) ,0.5214256233949759,1.5349685010837923
H index Total Docs(2017) Total Docs(3yrs) Total cites(3yrs) Ref ,0.9872591511522107,4.5042574507266115
H index Total Docs(2017) Total Docs(3yrs) Total cites(3yrs) ,1.014276673573499,4.620039070528459
H index Total Docs(2017) Total Docs(3yrs) Citable Docs(3 yrs) Cites(2 yrs) Ref ,0.5127304601766657,1.5348030343440118
H index Total Docs(2017) Total Docs(3yrs) Citable Docs(3 yrs) Cites(2 yrs) ,0.5213684491381634,1.5418783771563676
H index Total Docs(2017) Total Docs(3yrs) Citable Docs(3 yrs) Ref ,1.0664570826834192,5.085248292628278
H index Total Docs(2017) Total Docs(3yrs) Citable Docs(3 yrs) ,1.0993359391736721,5.214643665736725
H index Total Docs(2017) Total Docs(3yrs) Cites(2 yrs) Ref ,0.5134234770262799,1.5366306765723146
H index Total Docs(2017) Total Docs(3yrs) Cites(2 yrs) ,0.5238342584740208,1.5445633833769663
H index Total Docs(2017) Total Docs(3yrs) Ref ,1.0779310976277288,5.039646482544458
H index Total Docs(2017) Total Docs(3yrs) ,1.108701289166503,5.166225775400724
H index Total Docs(2017) Total Refs. Total cites(3yrs) Citable Docs(3 yrs) Cites(2 yrs) Ref ,0.5106604927265075,1.527467304031915
H index Total Docs(2017) Total Refs. Total cites(3yrs) Citable Docs(3 yrs) Cites(2 yrs) ,0.5166648088506807,1.5302822843591213
H index Total Docs(2017) Total Refs. Total cites(3yrs) Citable Docs(3 yrs) Ref ,0.979001857837944,4.492535785013493
H index Total Docs(2017) Total Refs. Total cites(3yrs) Citable Docs(3 yrs) ,1.0051786366942794,4.589614849676776
H index Total Docs(2017) Total Refs. Total cites(3yrs) Cites(2 yrs) Ref ,0.509671917188788,1.5229824952108981
H index Total Docs(2017) Total Refs. Total cites(3yrs) Cites(2 yrs) ,0.5160390038648717,1.5277089397534283
H index Total Docs(2017) Total Refs. Total cites(3yrs) Ref ,1.030769146003399,4.919638016229666
H index Total Docs(2017) Total Refs. Total cites(3yrs) ,1.0636267235502037,5.062197979578257
H index Total Docs(2017) Total Refs. Citable Docs(3 yrs) Cites(2 yrs) Ref ,0.5135867632556291,1.5364902632200133
H index Total Docs(2017) Total Refs. Citable Docs(3 yrs) Cites(2 yrs) ,0.5215590227585559,1.5452336078941562
H index Total Docs(2017) Total Refs. Citable Docs(3 yrs) Ref ,1.0761769935376717,5.0282036032908
H index Total Docs(2017) Total Refs. Citable Docs(3 yrs) ,1.1000649293945417,5.113932273187915
H index Total Docs(2017) Total Refs. Cites(2 yrs) Ref ,0.5137705693877529,1.533169872490072
H index Total Docs(2017) Total Refs. Cites(2 yrs) ,0.5222019487398813,1.5419914738598706
H index Total Docs(2017) Total Refs. Ref ,1.0797414452349094,5.117768532056462
H index Total Docs(2017) Total Refs. ,1.108568659825281,5.230075009383052
H index Total Docs(2017) Total cites(3yrs) Citable Docs(3 yrs) Cites(2 yrs) Ref ,0.5107292882402489,1.527527765352331
H index Total Docs(2017) Total cites(3yrs) Citable Docs(3 yrs) Cites(2 yrs) ,0.5206821917044421,1.5318882794165456
H index Total Docs(2017) Total cites(3yrs) Citable Docs(3 yrs) Ref ,0.976956179479648,4.4573474497191246
H index Total Docs(2017) Total cites(3yrs) Citable Docs(3 yrs) ,1.0043155175580074,4.58072133395668
H index Total Docs(2017) Total cites(3yrs) Cites(2 yrs) Ref ,0.5097084828305695,1.5230267279109235
H index Total Docs(2017) Total cites(3yrs) Cites(2 yrs) ,0.5203793713416356,1.5307522165828564
H index Total Docs(2017) Total cites(3yrs) Ref ,1.030015523144858,4.8956736243170305
H index Total Docs(2017) Total cites(3yrs) ,1.0601081440755684,5.035109821915358
H index Total Docs(2017) Citable Docs(3 yrs) Cites(2 yrs) Ref ,0.5135306430773493,1.5366111672955665
H index Total Docs(2017) Citable Docs(3 yrs) Cites(2 yrs) ,0.5239225649792293,1.5443163765564798
H index Total Docs(2017) Citable Docs(3 yrs) Ref ,1.0764375634302221,5.029789918923723
H index Total Docs(2017) Citable Docs(3 yrs) ,1.1062182987506937,5.157966480600817
H index Total Docs(2017) Cites(2 yrs) Ref ,0.5134844864095565,1.533425318681372
H index Total Docs(2017) Cites(2 yrs) ,0.5238013962959226,1.5420404308313018
H index Total Docs(2017) Ref ,1.076976596768982,5.1075657795969045
H index Total Docs(2017) ,1.1111528362060679,5.243583122333313
H index Total Docs(3yrs) Total Refs. Total cites(3yrs) Citable Docs(3 yrs) Cites(2 yrs) Ref ,0.5090922962531159,1.5223854935458911
H index Total Docs(3yrs) Total Refs. Total cites(3yrs) Citable Docs(3 yrs) Cites(2 yrs) ,0.5162622417614459,1.525344868270616
H index Total Docs(3yrs) Total Refs. Total cites(3yrs) Citable Docs(3 yrs) Ref ,0.9744356616336828,4.497455374039969
H index Total Docs(3yrs) Total Refs. Total cites(3yrs) Citable Docs(3 yrs) ,0.991493118221195,4.589631572175867
H index Total Docs(3yrs) Total Refs. Total cites(3yrs) Cites(2 yrs) Ref ,0.5111725769062169,1.5292596881227332
H index Total Docs(3yrs) Total Refs. Total cites(3yrs) Cites(2 yrs) ,0.5202272251113007,1.5349732029468048
H index Total Docs(3yrs) Total Refs. Total cites(3yrs) Ref ,0.9951616891436402,4.5336692130858935
H index Total Docs(3yrs) Total Refs. Total cites(3yrs) ,1.0149147986273148,4.615317502051868
H index Total Docs(3yrs) Total Refs. Citable Docs(3 yrs) Cites(2 yrs) Ref ,0.5128658220296256,1.5345344828478684
H index Total Docs(3yrs) Total Refs. Citable Docs(3 yrs) Cites(2 yrs) ,0.521448165736478,1.543268046238776
H index Total Docs(3yrs) Total Refs. Citable Docs(3 yrs) Ref ,1.0653443531461486,5.07396830609578
H index Total Docs(3yrs) Total Refs. Citable Docs(3 yrs) ,1.0888208983797865,5.15276395936821
H index Total Docs(3yrs) Total Refs. Cites(2 yrs) Ref ,0.5135170108023392,1.5365485294509773
H index Total Docs(3yrs) Total Refs. Cites(2 yrs) ,0.5233407689170333,1.5461919039175591
H index Total Docs(3yrs) Total Refs. Ref ,1.0792118852743668,5.036597427415972
H index Total Docs(3yrs) Total Refs. ,1.102267295900193,5.113990725898197
H index Total Docs(3yrs) Total cites(3yrs) Citable Docs(3 yrs) Cites(2 yrs) Ref ,0.5089746027237467,1.5224342804676523
H index Total Docs(3yrs) Total cites(3yrs) Citable Docs(3 yrs) Cites(2 yrs) ,0.5170966773760157,1.525185816885665
H index Total Docs(3yrs) Total cites(3yrs) Citable Docs(3 yrs) Ref ,0.9764365208344064,4.515990031990506
H index Total Docs(3yrs) Total cites(3yrs) Citable Docs(3 yrs) ,0.9946892736662496,4.649346098147186
H index Total Docs(3yrs) Total cites(3yrs) Cites(2 yrs) Ref ,0.5111039048879262,1.5292463757051815
H index Total Docs(3yrs) Total cites(3yrs) Cites(2 yrs) ,0.5217728501779353,1.53536441498476
H index Total Docs(3yrs) Total cites(3yrs) Ref ,0.996065646838149,4.540160024617424
H index Total Docs(3yrs) Total cites(3yrs) ,1.0178633412833582,4.651167987382239
H index Total Docs(3yrs) Citable Docs(3 yrs) Cites(2 yrs) Ref ,0.5127870602309619,1.535135047033297
H index Total Docs(3yrs) Citable Docs(3 yrs) Cites(2 yrs) ,0.5219057588158876,1.5425746355122385
H index Total Docs(3yrs) Citable Docs(3 yrs) Ref ,1.0789010782568986,5.12697343420692
H index Total Docs(3yrs) Citable Docs(3 yrs) ,1.1082641091426577,5.249745090050552
H index Total Docs(3yrs) Cites(2 yrs) Ref ,0.5134565518844559,1.5368686105856828
H index Total Docs(3yrs) Cites(2 yrs) ,0.5242507640080443,1.545158511075255
H index Total Docs(3yrs) Ref ,1.0891193784313868,5.079148708727354
H index Total Docs(3yrs) ,1.1157308478195989,5.1997395243695825
H index Total Refs. Total cites(3yrs) Citable Docs(3 yrs) Cites(2 yrs) Ref ,0.51092581543207,1.5278923998344955
H index Total Refs. Total cites(3yrs) Citable Docs(3 yrs) Cites(2 yrs) ,0.5201504072673926,1.5327943813959954
H index Total Refs. Total cites(3yrs) Citable Docs(3 yrs) Ref ,0.9871219630393725,4.48410961857569
H index Total Refs. Total cites(3yrs) Citable Docs(3 yrs) ,1.0052943407486497,4.56568909598249
H index Total Refs. Total cites(3yrs) Cites(2 yrs) Ref ,0.5097079690085757,1.52195840375618
H index Total Refs. Total cites(3yrs) Cites(2 yrs) ,0.5188549235945865,1.5240465267442636
H index Total Refs. Total cites(3yrs) Ref ,1.0300727484591194,4.911640902431748
H index Total Refs. Total cites(3yrs) ,1.0697129705525554,5.109875834465368
H index Total Refs. Citable Docs(3 yrs) Cites(2 yrs) Ref ,0.5136754710477257,1.53651020349571
H index Total Refs. Citable Docs(3 yrs) Cites(2 yrs) ,0.523911051084065,1.54623658868042
H index Total Refs. Citable Docs(3 yrs) Ref ,1.0772121227035805,5.022304678734897
H index Total Refs. Citable Docs(3 yrs) ,1.099038157760287,5.097653361084436
H index Total Refs. Cites(2 yrs) Ref ,0.5143703463528972,1.5325495954372077
H index Total Refs. Cites(2 yrs) ,0.5266735973406625,1.5416592388089214
H index Total Refs. Ref ,1.0800865931199368,5.098689996745045
H index Total Refs. ,1.1087755568441071,5.23231956829521
H index Total cites(3yrs) Citable Docs(3 yrs) Cites(2 yrs) Ref ,0.5107864612653004,1.5279289357234573
H index Total cites(3yrs) Citable Docs(3 yrs) Cites(2 yrs) ,0.5213245361213869,1.5327342247705174
H index Total cites(3yrs) Citable Docs(3 yrs) Ref ,0.9899771496057512,4.5034798874203394
H index Total cites(3yrs) Citable Docs(3 yrs) ,1.0102147289260512,4.619329431077886
H index Total cites(3yrs) Cites(2 yrs) Ref ,0.508627195330942,1.5190872149196712
H index Total cites(3yrs) Cites(2 yrs) ,0.5198222747241918,1.5260561696453663
H index Total cites(3yrs) Ref ,1.0358304634452604,4.9833959616713255
H index Total cites(3yrs) ,1.072823236350736,5.144693511394346
H index Citable Docs(3 yrs) Cites(2 yrs) Ref ,0.513600723028936,1.537035414616324
H index Citable Docs(3 yrs) Cites(2 yrs) ,0.5245996611999484,1.545267385635659
H index Citable Docs(3 yrs) Ref ,1.0905902810105723,5.072340229821811
H index Citable Docs(3 yrs) ,1.1159091344243273,5.192171448615294
H index Cites(2 yrs) Ref ,0.514761828776419,1.5305123168798616
H index Cites(2 yrs) ,0.5265133406210724,1.5405528622268039
H index Ref ,1.0847994819935842,5.095605644955264
H index ,1.1136536615250394,5.228116662014173
Total Docs(2017) Total Docs(3yrs) Total Refs. Total cites(3yrs) Citable Docs(3 yrs) Cites(2 yrs) Ref ,0.5079471884864165,1.5152800874184493
Total Docs(2017) Total Docs(3yrs) Total Refs. Total cites(3yrs) Citable Docs(3 yrs) Cites(2 yrs) ,0.5123748620648308,1.5154370835884323
Total Docs(2017) Total Docs(3yrs) Total Refs. Total cites(3yrs) Citable Docs(3 yrs) Ref ,1.0105969202906566,4.578878310949515
Total Docs(2017) Total Docs(3yrs) Total Refs. Total cites(3yrs) Citable Docs(3 yrs) ,1.0514043746100648,4.711306327127388
Total Docs(2017) Total Docs(3yrs) Total Refs. Total cites(3yrs) Cites(2 yrs) Ref ,0.510107997451902,1.5219808499613183
Total Docs(2017) Total Docs(3yrs) Total Refs. Total cites(3yrs) Cites(2 yrs) ,0.5162593303536108,1.523748081431098
Total Docs(2017) Total Docs(3yrs) Total Refs. Total cites(3yrs) Ref ,1.019193263654343,4.609027161636756
Total Docs(2017) Total Docs(3yrs) Total Refs. Total cites(3yrs) ,1.0623620625778387,4.744084230355401
Total Docs(2017) Total Docs(3yrs) Total Refs. Citable Docs(3 yrs) Cites(2 yrs) Ref ,0.5112841828501419,1.5265132146303984
Total Docs(2017) Total Docs(3yrs) Total Refs. Citable Docs(3 yrs) Cites(2 yrs) ,0.5180787209472768,1.533167356484982
Total Docs(2017) Total Docs(3yrs) Total Refs. Citable Docs(3 yrs) Ref ,1.2535320653515347,5.945768039659787
Total Docs(2017) Total Docs(3yrs) Total Refs. Citable Docs(3 yrs) ,1.3202747738137501,6.1783564760127625
Total Docs(2017) Total Docs(3yrs) Total Refs. Cites(2 yrs) Ref ,0.5117507581228488,1.5274289964841035
Total Docs(2017) Total Docs(3yrs) Total Refs. Cites(2 yrs) ,0.5193262018414192,1.533969007941519
Total Docs(2017) Total Docs(3yrs) Total Refs. Ref ,1.2441657043215775,5.848977634763012
Total Docs(2017) Total Docs(3yrs) Total Refs. ,1.3152446117966419,6.0919102399246885
Total Docs(2017) Total Docs(3yrs) Total cites(3yrs) Citable Docs(3 yrs) Cites(2 yrs) Ref ,0.507692363585641,1.5148744796010847
Total Docs(2017) Total Docs(3yrs) Total cites(3yrs) Citable Docs(3 yrs) Cites(2 yrs) ,0.5146680773148606,1.5174362942067994
Total Docs(2017) Total Docs(3yrs) Total cites(3yrs) Citable Docs(3 yrs) Ref ,1.0211570327443906,4.5302511358406
Total Docs(2017) Total Docs(3yrs) Total cites(3yrs) Citable Docs(3 yrs) ,1.0518834771747814,4.691787092259714
Total Docs(2017) Total Docs(3yrs) Total cites(3yrs) Cites(2 yrs) Ref ,0.5098906867328487,1.5216279403418493
Total Docs(2017) Total Docs(3yrs) Total cites(3yrs) Cites(2 yrs) ,0.5196930989587253,1.527497899581512
Total Docs(2017) Total Docs(3yrs) Total cites(3yrs) Ref ,1.0288981862251634,4.550370162678197
Total Docs(2017) Total Docs(3yrs) Total cites(3yrs) ,1.0622777104898118,4.69182326000595
Total Docs(2017) Total Docs(3yrs) Citable Docs(3 yrs) Cites(2 yrs) Ref ,0.5110006596589918,1.5263675664605143
Total Docs(2017) Total Docs(3yrs) Citable Docs(3 yrs) Cites(2 yrs) ,0.5198465407674946,1.5342680035410525
Total Docs(2017) Total Docs(3yrs) Citable Docs(3 yrs) Ref ,1.2598096044181302,5.957919179083005
Total Docs(2017) Total Docs(3yrs) Citable Docs(3 yrs) ,1.3206807541533292,6.180413345956581
Total Docs(2017) Total Docs(3yrs) Cites(2 yrs) Ref ,0.5115584299289523,1.5273069064823608
Total Docs(2017) Total Docs(3yrs) Cites(2 yrs) ,0.5218657204948183,1.5354349528337863
Total Docs(2017) Total Docs(3yrs) Ref ,1.2519160267175764,5.862247242242417
Total Docs(2017) Total Docs(3yrs) ,1.3151335510487443,6.091106429739436
Total Docs(2017) Total Refs. Total cites(3yrs) Citable Docs(3 yrs) Cites(2 yrs) Ref ,0.5097645597233772,1.5206470513844483
Total Docs(2017) Total Refs. Total cites(3yrs) Citable Docs(3 yrs) Cites(2 yrs) ,0.5157145691499737,1.5215117431540326
Total Docs(2017) Total Refs. Total cites(3yrs) Citable Docs(3 yrs) Ref ,1.0143740183825878,4.556444151753772
Total Docs(2017) Total Refs. Total cites(3yrs) Citable Docs(3 yrs) ,1.0567629686225946,4.691456649838895
Total Docs(2017) Total Refs. Total cites(3yrs) Cites(2 yrs) Ref ,0.5089540140214864,1.5175195642939445
Total Docs(2017) Total Refs. Total cites(3yrs) Cites(2 yrs) ,0.5154250379290066,1.5204404511335252
Total Docs(2017) Total Refs. Total cites(3yrs) Ref ,1.0758770803892406,4.999557235108662
Total Docs(2017) Total Refs. Total cites(3yrs) ,1.1242232475133458,5.194850784687437
Total Docs(2017) Total Refs. Citable Docs(3 yrs) Cites(2 yrs) Ref ,0.5119819719870706,1.5279846953910374
Total Docs(2017) Total Refs. Citable Docs(3 yrs) Cites(2 yrs) ,0.5197495743977733,1.5347538978870765
Total Docs(2017) Total Refs. Citable Docs(3 yrs) Ref ,1.2471749631406097,5.850628322607877
Total Docs(2017) Total Refs. Citable Docs(3 yrs) ,1.317642470232865,6.091153835874236
Total Docs(2017) Total Refs. Cites(2 yrs) Ref ,0.5133734079476812,1.5313923943040249
Total Docs(2017) Total Refs. Cites(2 yrs) ,0.5215412480781834,1.538782717548233
Total Docs(2017) Total Refs. Ref ,1.2557832831390947,5.864509523976918
Total Docs(2017) Total Refs. ,1.3240828146904984,6.099002026702562
Total Docs(2017) Total cites(3yrs) Citable Docs(3 yrs) Cites(2 yrs) Ref ,0.5095412454603305,1.520295854846017
Total Docs(2017) Total cites(3yrs) Citable Docs(3 yrs) Cites(2 yrs) ,0.5190124494406062,1.5248118672639
Total Docs(2017) Total cites(3yrs) Citable Docs(3 yrs) Ref ,1.0227507284000108,4.496902827365485
Total Docs(2017) Total cites(3yrs) Citable Docs(3 yrs) ,1.0566263703687024,4.645269392312739
Total Docs(2017) Total cites(3yrs) Cites(2 yrs) Ref ,0.5087268127326723,1.5170818908337316
Total Docs(2017) Total cites(3yrs) Cites(2 yrs) ,0.5189586219726121,1.5246165566614207
Total Docs(2017) Total cites(3yrs) Ref ,1.0993416662376723,4.976513577095676
Total Docs(2017) Total cites(3yrs) ,1.1302939922426414,5.147809611314536
Total Docs(2017) Citable Docs(3 yrs) Cites(2 yrs) Ref ,0.5117714273089019,1.5278460358798092
Total Docs(2017) Citable Docs(3 yrs) Cites(2 yrs) ,0.5222393412003035,1.5362737290846855
Total Docs(2017) Citable Docs(3 yrs) Ref ,1.253937743455335,5.865538059554517
Total Docs(2017) Citable Docs(3 yrs) ,1.317633200350642,6.091091141181646
Total Docs(2017) Cites(2 yrs) Ref ,0.5130372390329148,1.5313702806601457
Total Docs(2017) Cites(2 yrs) ,0.5232357724429516,1.5393185314315738
Total Docs(2017) Ref ,1.259081803021292,5.8757381662570705
Total Docs(2017) ,1.3247684099741561,6.101020959467668
Total Docs(3yrs) Total Refs. Total cites(3yrs) Citable Docs(3 yrs) Cites(2 yrs) Ref ,0.5080960913780633,1.5154934745619495
Total Docs(3yrs) Total Refs. Total cites(3yrs) Citable Docs(3 yrs) Cites(2 yrs) ,0.5144078200356104,1.5164644124851483
Total Docs(3yrs) Total Refs. Total cites(3yrs) Citable Docs(3 yrs) Ref ,1.028872457076982,4.578326227178949
Total Docs(3yrs) Total Refs. Total cites(3yrs) Citable Docs(3 yrs) ,1.0553433484642363,4.702281562312429
Total Docs(3yrs) Total Refs. Total cites(3yrs) Cites(2 yrs) Ref ,0.5102751835639647,1.5221993852350637
Total Docs(3yrs) Total Refs. Total cites(3yrs) Cites(2 yrs) ,0.5186510848276044,1.5254237434623865
Total Docs(3yrs) Total Refs. Total cites(3yrs) Ref ,1.0371902698923448,4.611879494039789
Total Docs(3yrs) Total Refs. Total cites(3yrs) ,1.0657039804577506,4.730145973458854
Total Docs(3yrs) Total Refs. Citable Docs(3 yrs) Cites(2 yrs) Ref ,0.5113229464581379,1.5264727755945997
Total Docs(3yrs) Total Refs. Citable Docs(3 yrs) Cites(2 yrs) ,0.5193624422013099,1.5330052730813366
Total Docs(3yrs) Total Refs. Citable Docs(3 yrs) Ref ,1.2687923204072085,5.971940245385772
Total Docs(3yrs) Total Refs. Citable Docs(3 yrs) ,1.3205435237250702,6.180044760387687
Total Docs(3yrs) Total Refs. Cites(2 yrs) Ref ,0.5118047812970795,1.5273839651686631
Total Docs(3yrs) Total Refs. Cites(2 yrs) ,0.5209087814643608,1.5337923710904386
Total Docs(3yrs) Total Refs. Ref ,1.2613260459396534,5.87721141692156
Total Docs(3yrs) Total Refs. ,1.3156941162296496,6.092547135040958
Total Docs(3yrs) Total cites(3yrs) Citable Docs(3 yrs) Cites(2 yrs) Ref ,0.5076160437118101,1.514642364245718
Total Docs(3yrs) Total cites(3yrs) Citable Docs(3 yrs) Cites(2 yrs) ,0.5149907266378868,1.5170554951193094
Total Docs(3yrs) Total cites(3yrs) Citable Docs(3 yrs) Ref ,1.028639557934373,4.561761428990832
Total Docs(3yrs) Total cites(3yrs) Citable Docs(3 yrs) ,1.0550913668895519,4.716188333826997
Total Docs(3yrs) Total cites(3yrs) Cites(2 yrs) Ref ,0.5098196166512883,1.5213247835821895
Total Docs(3yrs) Total cites(3yrs) Cites(2 yrs) ,0.5199351004684258,1.5270341663807747
Total Docs(3yrs) Total cites(3yrs) Ref ,1.0359977716855553,4.576561454631174
Total Docs(3yrs) Total cites(3yrs) ,1.0648030630172558,4.712278161234984
Total Docs(3yrs) Citable Docs(3 yrs) Cites(2 yrs) Ref ,0.5108871949372855,1.5258571407850285
Total Docs(3yrs) Citable Docs(3 yrs) Cites(2 yrs) ,0.5197835250466155,1.5334830880499994
Total Docs(3yrs) Citable Docs(3 yrs) Ref ,1.2688171655940668,5.971929671439071
Total Docs(3yrs) Citable Docs(3 yrs) ,1.3224896121786656,6.1891640997283375
Total Docs(3yrs) Cites(2 yrs) Ref ,0.5114520722173173,1.5268706831112333
Total Docs(3yrs) Cites(2 yrs) ,0.5219195716231791,1.5347438875453585
Total Docs(3yrs) Ref ,1.2610971800802953,5.8762994661059045
Total Docs(3yrs) ,1.3170804219847843,6.099870298520315
Total Refs. Total cites(3yrs) Citable Docs(3 yrs) Cites(2 yrs) Ref ,0.5100376605140898,1.5210362429748832
Total Refs. Total cites(3yrs) Citable Docs(3 yrs) Cites(2 yrs) ,0.5185819073117437,1.5235313649982658
Total Refs. Total cites(3yrs) Citable Docs(3 yrs) Ref ,1.031469303511765,4.557835104905217
Total Refs. Total cites(3yrs) Citable Docs(3 yrs) ,1.0602647664128952,4.674598814244208
Total Refs. Total cites(3yrs) Cites(2 yrs) Ref ,0.5090102847540485,1.5167785471916517
Total Refs. Total cites(3yrs) Cites(2 yrs) ,0.5176090078552168,1.5171077639380084
Total Refs. Total cites(3yrs) Ref ,1.0793263504468547,4.984534674071384
Total Refs. Total cites(3yrs) ,1.1289396232703723,5.237849703658971
Total Refs. Citable Docs(3 yrs) Cites(2 yrs) Ref ,0.512070852197718,1.5279308243310212
Total Refs. Citable Docs(3 yrs) Cites(2 yrs) ,0.5216302941064728,1.534723064906621
Total Refs. Citable Docs(3 yrs) Ref ,1.2661145192867915,5.882424620973955
Total Refs. Citable Docs(3 yrs) ,1.3182682986159864,6.091801053105187
Total Refs. Cites(2 yrs) Ref ,0.514304372563078,1.5322778399645376
Total Refs. Cites(2 yrs) ,0.527138024112849,1.5434483147885387
Total Refs. Ref ,1.2939058148634974,5.9466662979185925
Total Refs. ,1.331008950002879,6.11389792570924
Total cites(3yrs) Citable Docs(3 yrs) Cites(2 yrs) Ref ,0.5095239721274282,1.5201246951822118
Total cites(3yrs) Citable Docs(3 yrs) Cites(2 yrs) ,0.5195019171800714,1.52455033428859
Total cites(3yrs) Citable Docs(3 yrs) Ref ,1.0312251816821525,4.536353411576439
Total cites(3yrs) Citable Docs(3 yrs) ,1.0603284968523927,4.676130600753342
Total cites(3yrs) Cites(2 yrs) Ref ,0.5072424937014393,1.5113399284896614
Total cites(3yrs) Cites(2 yrs) ,0.5179522930781517,1.5179208634014096
Total cites(3yrs) Ref ,1.0944965033965366,5.110027409257063
Total cites(3yrs) ,1.1426567263421827,5.3206678695380605
Citable Docs(3 yrs) Cites(2 yrs) Ref ,0.5116558565180258,1.5273316022242205
Citable Docs(3 yrs) Cites(2 yrs) ,0.5223904374897264,1.535454398655491
Citable Docs(3 yrs) Ref ,1.266067971589564,5.882462197437747
Citable Docs(3 yrs) ,1.3202190769758098,6.100974053780481
Cites(2 yrs) Ref ,0.5167370160035716,1.538556554894203
Cites(2 yrs) ,0.5286865641189065,1.5490502536718844
Ref ,1.3504796585742984,6.052799739004314
,1.3836611415752738,6.230219447580948
